Name,i,x0_ 1,x0_ 2,x0_ 3,x0_ 4,x0_ 5,x0_ 6,x0_ 7,x0_ 8,x0_ 9,x0_10,x0_11,x0_12,x0_13,BW,EGPb,Gb,Ib,kabs,kmax,kmin,b,d,Vg,Vi,Ipb,Vmx,Km0,k2,k1,p2u,m1,m5,CL,HEb,m2,m4,m30,Ilb,ki,kp2,kp3,f,Gpb,ke1,ke2,Fsnc,Gtb,Vm0,Rdb,PCRb,kd,ksc,ka1,ka2,dosekempt,u2ss,isc1ss,isc2ss,kp1,patient_history,m6,a,c,kp4,K,alpha,beta,gamma,Sb,Ipob
Normal,0,0,0,0,172.63452664288695,130.44659301119262,1.2778079218665228,0,25.556158437330456,25.556158437330456,4.566481994459837,3.0986842105263177,0,172.63452664288695,78,1.9159633839034367,91.82687587387605,25.556158437330456,0.057,0.0558,0.008,0.82,0.01,1.88,0.05,1.2778079218665228,0.047,225.59,0.079,0.065,0.0331,0.19,0.0304,,0.6,0.484,0.194,0.285,4.566481994459837,0.0079,0.0021,0.009,0.9,172.63452664288695,0.0005,339,1,130.44659301119262,2.5,1.9159633839034367,,,0.09537000000000001,,,90000,,,,2.7,0,0.6471,0.00013,0.00236,0.0618,2.3,0.05,0.11,0.5,1.5493421052631589,3.0986842105263177
